501,relay.teams.microsoft.com
502,dual-s-ring.msedge.net
503,launchdarkly.com
504,gsp-ssl.ls-apple.com.akadns.net
505,csi.gstatic.com
506,weatherkit.apple.com
507,dns-tunnel-check.googlezip.net
508,tapad.com
509,securitydomain-pa.googleapis.com
510,init.ess.apple.com
511,msauth.net
512,drive.google.com
513,people-pa.googleapis.com
514,maps.googleapis.com
515,ups.analytics.yahoo.com
516,api-noam.flightproxy.teams.microsoft.com
517,youtubei.googleapis.com
518,safebrowsing.apple
519,pubads.g.doubleclick.net
520,peoplestack-pa.clients6.google.com
521,id5-sync.com
522,cdn.whatsapp.net
523,crwdcntrl.net
524,web.facebook.com
525,amazontrust.com
526,stackadapt.com
527,xz.fbcdn.net
528,srv.stackadapt.com
529,kv501.prod.do.dsp.mp.microsoft.com
530,whatsapp.com
531,cp.wd.microsoft.com
532,inmobi.com
533,cdninstagram.com
534,xy.fbcdn.net
535,a2z.com
536,peoplestackwebexperiments-pa.clients6.google.com
537,logs.netflix.com
538,ntp.msn.com
539,everesttech.net
540,graph-next.fp.measure.office.com
541,onetrust.com
542,dotomi.com
543,twitter.com
544,ipcdn.apple.com
545,1rx.io
546,adsafeprotected.com
547,aadcdn.msftauth.net
548,creativecdn.com
549,usercontent.microsoft
550,aadcdn.msauth.net
551,copilot.cloud.microsoft
552,dscg.akamaiedge.net
553,crashlytics.com
554,clients1.google.com
555,us.sentry.io
556,liadm.com
557,kt-prod.ess.apple.com
558,ingest.us.sentry.io
559,pushnp.svc.ms
560,substrate.svc.cloud.microsoft
561,firebase-settings.crashlytics.com
562,ftl.netflix.com
563,nflxso.net
564,scripts.clarity.ms
565,amplitude.com
566,pixel.tapad.com
567,connectivity-test.usercontent.microsoft
568,wps.apple.com
569,connectivity-test.cloud.microsoft
570,cs.dds.microsoft.com
571,dual-s-ring-fallback.msedge.net
572,sync.1rx.io
573,cloud.netflix.com
574,prod.cloud.netflix.com
575,wac-ring-fallback.msedge.net
576,teams-ring-fallback.msedge.net
577,fbs.smoot.apple.com
578,tr-ssc-mira.office.com
579,spov-ring-fallback.msedge.net
580,360yield.com
581,lijit.com
582,gsp64-ssl.ls.apple.com
583,bag-cdn-lb.itunes-apple.com.akadns.net
584,adservice.google.com
585,swallow.apple.com
586,prod.ftl.netflix.com
587,pinterest.com
588,fls.doubleclick.net
589,graph-fallback.facebook.com
590,amcdn.msftauth.net
591,doh.opendns.com
592,data.pendo.io
593,media-amazon.com
594,p.typekit.net
595,ipv4probe.office.com
596,init.itunes.apple.com
597,temu.com
598,dscapi9.akamai.net
599,us-u.openx.net
600,android.googleapis.com
601,configuration-lb.ls-apple.com.akadns.net
602,sharethrough.com
603,imasdk.googleapis.com
604,amazon.dev
605,idsync.rlcdn.com
606,m.media-amazon.com
607,cl3.apple.com
608,clients2.googleusercontent.com
609,umbrella.com
610,unpkg.com
611,newrelic.com
612,cds.apple.com
613,r.bing.com
614,cp601.prod.do.dsp.mp.microsoft.com
615,gsa.apple.com
616,1.nflxso.net
617,aa.agkn.com
618,sandbox.itunes.apple.com
619,tm.svc.cloud.microsoft
620,setup.icloud.com
621,secure.adnxs.com
622,ads.pubmatic.com
623,quantserve.com
624,e673.dsce9.akamaiedge.net
625,adform.net
626,token.rubiconproject.com
627,analytics.tiktok.com
628,app-site-association.cdn-apple.com
629,token.safebrowsing.apple
630,mzstorekit.itunes.apple.com
631,fa000000145.resources.office.net
632,com.edgesuite.net
633,ipv6.msftconnecttest.com
634,telephony.goog
635,pcms.apple.com
636,mira.tm.svc.cloud.microsoft
637,bidr.io
638,teads.tv
639,gs-loc.ls-apple.com.akadns.net
640,csp.microsoft.com
641,prod.bidr.io
642,identity.nel.measure.office.net
643,z-m-gateway.facebook.com
644,rcs.telephony.goog
645,contacts.google.com
646,tesvtmng2dev.ezviz7.com
647,m365.svc.cloud.microsoft
648,geolocation.onetrust.com
649,scontent.xx.fbcdn.net
650,ci3.googleusercontent.com
651,fna.fbcdn.net
652,eeroup.com
653,zoom.us
654,i-fallback.instagram.com
655,dscw154.akamai.net
656,icloud-content.com
657,visualstudio.com
658,entitlements.itunes.apple.com
659,www.linkedin.com
660,eastus.cloudapp.azure.com
661,cdn.pendo.io
662,cdn.doubleverify.com
663,xp.v.aaplimg.com
664,sync.srv.stackadapt.com
665,prod.netflix.com
666,push.prod.netflix.com
667,star.c10r.facebook.com
668,fs.microsoft.com
669,fundingchoicesmessages.google.com
670,turn.com
671,sectigo.com
672,aps.amazon-adsystem.com
673,outlook.mira.tm.svc.cloud.microsoft
674,doh.umbrella.com
675,googleads4.g.doubleclick.net
676,i.liadm.com
677,www.temu.com
678,appcenter.ms
679,dsum-sec.casalemedia.com
680,omtrdc.net
681,unitedstates.smartscreen.microsoft.com
682,amp-api-edge.apps.apple.com
683,fa000000125.resources.office.net
684,cs.media.net
685,appsgrowthpromo-pa.clients6.google.com
686,amd-infra.itunes.apple.com
687,criteo.net
688,match.sharethrough.com
689,reddit.com
690,browser-intake-datadoghq.com
691,dis.criteo.com
692,fastlane.rubiconproject.com
693,ssum-sec.casalemedia.com
694,mesu.g.aaplimg.com
695,play-lh.googleusercontent.com
696,smaato.net
697,rtb.openx.net
698,eus.rubiconproject.com
699,fa000000124.resources.office.net
700,drivefrontend-pa.clients6.google.com
701,drivefrontend-pa.googleapis.com
702,in.appcenter.ms
703,match.prod.bidr.io
704,tps.doubleverify.com
705,meetings.googleapis.com
706,prod-lt-playstoregatewayadapter-pa.googleapis.com
707,geller-pa.googleapis.com
708,devicelistenerprod.microsoft.com
709,trafficshaping.dsp.mp.microsoft.com
710,tsfe.trafficshaping.dsp.mp.microsoft.com
711,device-config.pcms.apple.com
712,aax.amazon-adsystem.com
713,xp.itunes-apple.com.akadns.net
714,graph-fallback.instagram.com
715,sharepointonline.com
716,nexusrules.officeapps.live.com
717,online.office.com
718,id.rlcdn.com
719,chatgpt.com
720,oauth.officeapps.live.com
721,memex-pa.googleapis.com
722,api.smoot.apple.com
723,edge-itunes-apple.com.akadns.net
724,fwmrm.net
725,ocws.officeapps.live.com
726,attachments.office.net
727,cp801.prod.do.dsp.mp.microsoft.com
728,contextweb.com
729,trc.taboola.com
730,templates.cdn.office.net
731,giphy.com
732,inbox.google.com
733,aepxlg.adobe.com
734,gsp10-ssl.apple.com
735,hbopenbid.pubmatic.com
736,tiktokv.com
737,quickconnect.to
738,dsca.akamaiedge.net
739,dscb.akamaiedge.net
740,safesearch.googleapis.com
741,cp501.prod.do.dsp.mp.microsoft.com
742,sitescout.com
743,aad.cs.dds.microsoft.com
744,android.apis.google.com
745,pinimg.com
746,jquery.com
747,33across.com
748,b1sync.outbrain.com
749,ad.smaato.net
750,code.jquery.com
751,rtb-csync.smartadserver.com
752,aks-prod-eastus.access-point.cloudmessaging.edge.microsoft.com
753,adobedc.net
754,dit.whatsapp.net
755,c1.adform.net
756,gspe19-2-ssl.ls.apple.com
757,unity3d.com
758,nrdp.prod.cloud.netflix.com
759,sstats.adobe.com
760,postrelease.com
761,na01.safelinks.protection.outlook.com
762,common.online.office.com
763,qualtrics.com
764,metadata.templates.cdn.office.net
765,s.ad.smaato.net
766,worldaz.relay.teams.microsoft.com
767,thefutureis.digital
768,acdn.adnxs.com
769,gsas.apple.com
770,smp-device-content.apple.com
771,pixel-sync.sitescout.com
772,onetag-sys.com
773,is1-ssl.mzstatic.com
774,services.visualstudio.com
775,adx.opera.com
776,ad.360yield.com
777,dc.services.visualstudio.com
778,c.clarity.ms
779,oauth2.googleapis.com
780,yieldmo.com
781,www.instagram.com
782,cdn.id5-sync.com
783,inappcheck.itunes.apple.com
784,media.apple.com
785,a2030.dscapi9.akamai.net
786,htlb.casalemedia.com
787,bh.contextweb.com
788,atm.outlook.mira.tm.svc.cloud.microsoft
789,gateway.instagram.com
790,ms-acdc.office.com
791,user-sync.fwmrm.net
792,indexww.com
793,cws.update.microsoft.com
794,tas02.cws.update.microsoft.com
795,snap.licdn.com
796,amp-api.media.apple.com
797,fontawesome.com
798,axp.amazon-adsystem.com
799,playstoregatewayadapter-pa.googleapis.com
800,image8.pubmatic.com
801,eu-mobile.events.data.microsoft.com
802,branch.io
803,nrdp.prod.ftl.netflix.com
804,dgw.c10r.facebook.com
805,appsgenaiserver-pa.clients6.google.com
806,nel.goog
807,b1.nel.goog
808,cl2.apple.com
809,ads.yieldmo.com
810,guzzoni.apple.com
811,translate.googleapis.com
812,gdmf.v.aaplimg.com
813,taskassist-pa.googleapis.com
814,netflix.net
815,s.mzstatic.com
816,t.adx.opera.com
817,cl4.apple.com
818,braze.com
819,dotaplabs.net
820,rfihub.com
821,siteintercept.qualtrics.com
822,nist.gov
823,sync-tm.everesttech.net
824,insights.static.microsoft
825,centralus.cloudapp.azure.com
826,dt.adsafeprotected.com
827,addin.insights.static.microsoft
828,fa000000005.resources.office.net
829,gspe19-ssl.ls.apple.com
830,jadserve.postrelease.com
831,static.criteo.net
832,unitedstates.cp.wd.microsoft.com
833,tm-4.office.com
834,partner.netflix.net
835,prod.partner.netflix.net
836,eastus2.cloudapp.azure.com
837,bugsnag.com
838,msidentity.com
839,people-pa.clients6.google.com
840,devices.a2z.com
841,ipredictive.com
842,westus.cloudapp.azure.com
843,ssp-sync.criteo.com
844,go-mpulse.net
845,courier-push-apple.com.akadns.net
846,p13n.adobe.io
847,tremorhub.com
848,mybluehost.me
849,ap.lijit.com
850,webex.com
851,fallback.c10r.facebook.com
852,geo2.adobe.com
853,static2.sharepointonline.com
854,gs-loc-new.ls-apple.com.akadns.net
855,hotjar.com
856,simpli.fi
857,a-mo.net
858,u.openx.net
859,config.aps.amazon-adsystem.com
860,ssbsync.smartadserver.com
861,peoplestack-pa.googleapis.com
862,public.cdn.office.net
863,clientstream.launchdarkly.com
864,publicassets.cdn-apple.com
865,e6858.dsce9.akamaiedge.net
866,cms.quantserve.com
867,loopme.me
868,watson.events.data.microsoft.com
869,tlx.3lift.com
870,bootstrapcdn.com
871,cstat.cdn-apple.com
872,valid.apple.com
873,admanmedia.com
874,b.tlu.dl.delivery.mp.microsoft.com
875,urs.microsoft.com
876,msedge.b.tlu.dl.delivery.mp.microsoft.com
877,dns.google
878,csync.loopme.me
879,nrdp.logs.netflix.com
880,image6.pubmatic.com
881,autopatch.microsoft.com
882,mqtt.c10r.facebook.com
883,apple-relay.cloudflare.com
884,ad.turn.com
885,wg.spotify.com
886,eu-1-id5-sync.com
887,xp-cdn-lb.itunes-apple.com.akadns.net
888,deepintent.com
889,api.snapchat.com
890,spclient.wg.spotify.com
891,aefd.nelreports.net
892,juicyscore.com
893,d.juicyscore.com
894,js-sec.indexww.com
895,js-agent.newrelic.com
896,noam.cc.skype.com
897,cs.admanmedia.com
898,flashtalking.com
899,disc601.prod.do.dsp.mp.microsoft.com
900,e3528.dscg.akamaiedge.net
901,time.android.com
902,wise-m.public.cdn.office.net
903,get-bx.g.aaplimg.com
904,launches.appsflyersdk.com
905,preapp.prod.partner.netflix.net
906,media.licdn.com
907,updates.cdn-apple.com
908,applovin.com
909,jsconfig.adsafeprotected.com
910,fp.msedge.net
911,dscd.akamai.net
912,metrics.icloud.com
913,unrulymedia.com
914,targeting.unrulymedia.com
915,gwfb.net
916,ali.gwfb.net
917,star.fallback.c10r.facebook.com
918,static.xx.fbcdn.net
919,ct.pinterest.com
920,experiments.apple.com
921,cf.iadsdk.apple.com
922,lb.eu-1-id5-sync.com
923,img.youtube.com
924,omex.cdn.office.net
925,omnitagjs.com
926,match.deepintent.com
927,ls2-apple.com.akadns.net
928,edge.e2ro.com
929,world-gen.g.aaplimg.com
930,mask-api.fe2.apple-dns.net
931,configuration.apple.com.akadns.net
932,amp-api.apps.apple.com
933,sync.ipredictive.com
934,gdmf-ados.apple.com
935,yellowblue.io
936,static.hotjar.com
937,image2.pubmatic.com
938,z-p42-chat-e2ee-ig.facebook.com
939,www.amazon.com
940,p.rfihub.com
941,lifecycle.office.net
942,content.lifecycle.office.net
943,msftstatic.com
944,r.msftstatic.com
945,tiktokcdn-us.com
946,redditstatic.com
947,www.redditstatic.com
948,gumgum.com
949,iphone-ld.origin-apple.com.akadns.net
950,edge.digicert.com
951,um.simpli.fi
952,static.adsafeprotected.com
953,sync.crwdcntrl.net
954,kt-prod.v.aaplimg.com
955,classlink.com
956,api.amazon.com
957,c.go-mpulse.net
958,microsoft365.com
959,ls.v.aaplimg.com
960,configuration.ls.v.aaplimg.com
961,simage2.pubmatic.com
962,oa.opera.com
963,mixpanel.com
964,www.microsoft365.com
965,readaloud.googleapis.com
966,elb.us-east-1.amazonaws.com
967,ent-nfc-api.msn.com
968,c10r.instagram.com
969,ris.api.iris.microsoft.com
970,upload2.fp.measure.office.com
971,fa000000110.resources.office.net
972,a.akamaiedge.net
973,firebaselogging.googleapis.com
974,static.whatsapp.net
975,dell.com
976,ab.chatgpt.com
977,ssl-images-amazon.com
978,df.onecdn.static.microsoft
979,trustarc.com
980,sequoia.cdn-apple.com
981,gmail.com
982,zoom.com.cn
983,adobelogin.com
984,1-courier.push.apple.com
985,acdcatm.outlook.mira.tm.svc.cloud.microsoft
986,pancake.g.aaplimg.com
987,grid-bidder.criteo.com
988,mfadsrvr.com
989,yt3.googleusercontent.com
990,chromereporting-pa.googleapis.com
991,cambiumtds.com
992,gspe79-ssl-96.ls.apple.com
993,sync.inmobi.com
994,ce.lijit.com
995,rtb.mfadsrvr.com
996,signaler-pa.googleapis.com
997,yimg.com
998,alb.reddit.com
999,com.edgekey.net
1000,company-target.com